id,puzzle,solution,clues,difficulty,solve_time,computed_solution
1291320,..56.3..8.....12......58.1.1..8.9.........15........32...2...6.7.8..5.........7.1,915623478836471295247958316152839647483762159679514832391287564768145923524396781,23,1.3,0.052449,915623478836471295247958316152839647483762159679514832391287564768145923524396781
1985329,.8....3.......7...36.1..79.6..8.......897....1.....6.7.....926......4.592...8...4,487592316912367548365148792674831925528976431193425687841759263736214859259683174,25,2.5,0.018960,487592316912367548365148792674831925528976431193425687841759263736214859259683174
329934,..17.89.2.365........3.........2.8.......9..44.7....61.1...5.83.......4.9........,541768932736592418829314576153426897268179354497853261612945783375281649984637125,23,2.4,0.021946,541768932736592418829314576153426897268179354497853261612945783375281649984637125
